FirstName|Surname|DateOfBirth|Address|Email|PhoneNumber|City|Country
Beau|Farley|1997-08-17|3365 Lacinia Rd.|eu.nulla@vitaerisusDuis.co.uk|0845 46 41|Filot|Mauritius
Jack|Bryant|1996-07-28|543-1373 Non, Road|Curabitur.ut.odio@quam.ca|0800 577 4308|Henderson|Svalbard and Jan Mayen Islands
Whilemina|Salas|1968-01-09|Ap #796-7469 Eu Rd.|egestas.lacinia@litoratorquent.edu|0337 554 2220|Sorgà|Italy
Linus|Garza|1983-05-24|5566 Etiam Ave|egestas@Nuncullamcorper.edu|(0114) 601 7435|Gongju|Cocos (Keeling) Islands
Brody|Perry|1988-06-24|Ap #482-602 Iaculis Rd.|lorem@inhendrerit.net|(0118) 160 1013|Huechuraba|El Salvador
Meghan|Pate|1978-02-08|Ap #801-1952 Vitae St.|ac@ametluctus.ca|070 4165 6030|Gorakhpur|Reunion
Xanthus|Dotson|1962-11-05|721 Leo. Av.|tincidunt.orci.quis@eleifend.co.uk|07372 330215|Mellery|Saint Martin
Alma|Hopper|1998-05-06|P.O. Box 538, 3575 Pharetra. Ave|Fusce@disparturient.co.uk|(025) 7858 5713|Aieta|Samoa
Aurelia|Guthrie|1983-08-25|3404 Vestibulum Av.|tincidunt@magna.com|0866 825 5729|West Valley City|Pitcairn Islands
Kaden|Tanner|1987-04-28|Ap #628-5396 At, St.|sed@pellentesqueeget.org|0889 111 8298|Pichilemu|India
Lynn|Holt|1985-02-25|677-5979 Integer Rd.|eu.odio@euismod.edu|076 1401 7407|Arrah|Congo (Brazzaville)
Doris|Carroll|1980-01-16|1220 Ac Av.|quam@Suspendissetristique.ca|(01450) 360640|Olathe|Brunei
Danielle|Bray|1967-04-08|1530 Lectus, Rd.|dis.parturient.montes@viverraDonec.ca|056 9016 5361|Harrisburg|Uruguay
Yeo|Cummings|1982-04-27|Ap #970-7204 Nullam St.|luctus@metuseu.org|(015323) 62676|Kelowna|Jersey
Ciara|Collins|1986-12-06|4659 In Rd.|Integer.id@non.org|(01969) 77678|Alphen aan den Rijn|Timor-Leste
Roary|Robertson|1969-09-06|P.O. Box 476, 6755 Sed Ave|tincidunt@Nullam.com|0500 297008|Tongyeong|Honduras
Wendy|Lancaster|1979-10-05|9188 Ridiculus Ave|lobortis.quam.a@apurusDuis.net|0800 1111|Fort Providence|Kazakhstan
Flynn|Stevenson|1994-09-12|Ap #806-3661 Risus. Road|feugiat.Sed@temporeratneque.ca|0378 163 4942|Golitsyno|Falkland Islands
Dominic|Blackwell|1963-04-02|4957 Egestas Av.|ac.feugiat.non@Pellentesque.edu|(011625) 30887|Kilsyth|Benin
Howard|Gilbert|1965-01-02|7060 Felis. Rd.|Integer.vitae@magna.com|0845 46 41|Chiaromonte|Côte D'Ivoire (Ivory Coast)
Gabriel|Ball|1980-01-06|2751 Orci. Rd.|nisl.arcu@Etiam.co.uk|(01702) 10158|Puerto Asís|Malawi
Eaton|Ward|1978-09-04|2156 Maecenas Road|montes@nulla.net|07624 176187|Stornaway|Heard Island and Mcdonald Islands
Ivan|Sutton|1961-03-20|1288 Sem Rd.|libero@ultricesaauctor.ca|076 0527 7830|La Reina|Tonga
Holmes|Underwood|1997-01-01|174-257 Metus Rd.|at.pretium.aliquet@Lorem.net|(016977) 6412|Louvain-la-Neuve|Maldives
Zahir|Ayers|1964-09-23|9750 Pulvinar Avenue|ac@sem.net|070 3273 3807|Knoxville|San Marino
John|Middleton|1997-09-29|2917 Ligula. Road|ipsum.primis@facilisis.ca|056 5651 7393|Rivière-du-Loup|Latvia
Giacomo|Small|1988-06-25|Ap #339-1745 Etiam Rd.|rhoncus.Proin@volutpatNulla.ca|(0171) 436 1285|Parla|French Guiana
Benjamin|Salas|1985-04-05|Ap #857-1967 Tristique Street|Nulla.eu.neque@ipsum.com|076 0946 5089|Wells|Chile
Drew|Atkins|1990-10-29|3589 Nullam Avenue|massa@vitaeodiosagittis.com|0382 190 2231|Chillán Viejo|Gambia
Ferris|Hoover|1983-01-05|8587 Feugiat Av.|posuere@Aeneangravidanunc.ca|0845 46 43|Hearst|Turks and Caicos Islands
Norman|Wynn|1972-11-04|Ap #303-7108 Mus. Street|nec@nonarcuVivamus.com|056 6094 1808|East Kilbride|Mozambique
Dante|Bryant|1982-02-20|P.O. Box 752, 4181 Et Ave|Fusce.feugiat.Lorem@diamatpretium.edu|0800 810 4293|Changwon|Dominican Republic
Keiko|Dennis|1987-08-01|5952 Vulputate Ave|lacinia@eleifendnon.ca|(01874) 28953|El Tabo|Marshall Islands
Shelby|Mcgee|1967-03-20|P.O. Box 994, 7516 A Rd.|id.sapien.Cras@semperrutrum.edu|(016977) 8138|Bad Vilbel|Chile
Myra|Newton|1985-10-21|997-3044 Magnis Road|morbi.tristique@rutrumFusce.ca|056 9667 1544|Pereira|Thailand
Mikayla|Madden|1965-07-26|254-5893 Sed Street|eleifend.non@idlibero.net|055 8021 3595|Collecchio|Angola
McKenzie|King|1962-04-29|9459 Laoreet Av.|lacinia@consectetuer.net|0800 328 1929|Gallicchio|Venezuela
Laura|Orr|1965-12-06|943-6389 Sem St.|non.magna.Nam@vel.edu|0500 543874|Masullas|Aruba
Deirdre|Mcneil|1963-09-03|Ap #383-9002 Maecenas Ave|augue.ut.lacus@eget.co.uk|0500 524524|Nampa|South Sudan
Jorden|Nolan|1983-01-25|Ap #205-3141 Gravida. Ave|elit.pretium@vulputate.edu|(013606) 98620|Tay|Barbados
Fletcher|Myers|1967-04-13|785 Malesuada Rd.|ac@nuncQuisqueornare.ca|056 2189 5912|Mission|Cyprus
Reed|White|1990-08-22|P.O. Box 504, 5328 Nisi. Rd.|eget@dictumultricies.net|055 1566 5188|Lakewood|Iceland
Clayton|Cantrell|1981-10-21|P.O. Box 311, 2776 Ut Rd.|lectus.pede@Lorem.edu|0500 662403|Hillsboro|Poland
Taylor|Woods|1992-09-02|218-2784 Tellus. Road|sem.ut@nuncQuisque.com|(0121) 810 4133|Saintes|Nigeria
Chancellor|Carson|1992-03-26|P.O. Box 103, 1191 Molestie Rd.|laoreet.lectus@cubilia.co.uk|07624 718273|Seloignes|Saint Martin
Basia|Torres|1997-05-11|801-3604 Dolor Rd.|dui@ullamcorpervelit.ca|(01401) 121840|Cap-Saint-Ignace|Virgin Islands, United States
Rhea|Aguirre|1980-01-21|P.O. Box 960, 7803 Duis Ave|velit.Aliquam@odio.edu|0993 384 7264|Amritsar|Lithuania
Amos|Anthony|1975-04-13|Ap #887-3599 Dolor St.|posuere@ante.ca|076 9064 2815|Harderwijk|Cayman Islands
Garrison|Fisher|1977-05-02|5332 Aenean Road|Aenean@volutpat.org|0800 105938|Retford|Bosnia and Herzegovina
Madonna|Graves|1990-06-05|P.O. Box 264, 5857 Enim. St.|sociis.natoque.penatibus@non.com|076 8544 2759|Forge-Philippe|Taiwan
Carl|Grant|1987-03-25|498-4087 Lorem St.|et@arcu.net|070 9042 5490|Wah|Bermuda
Lewis|Holloway|1967-09-26|Ap #692-460 Odio. Av.|enim.Sed.nulla@ultricesposuerecubilia.edu|056 3656 3756|Samara|Sao Tome and Principe
Molly|Buckley|1972-12-04|432-8792 Sed, Rd.|blandit.Nam@variuset.co.uk|0845 46 40|Strausberg|Cocos (Keeling) Islands
Jonah|Harper|1971-04-09|2661 Lacus Av.|erat.nonummy.ultricies@quispede.edu|(01447) 68861|High Level|Afghanistan
Shoshana|Walton|1988-01-29|Ap #215-9704 Hymenaeos. Rd.|vestibulum.neque.sed@euaugue.com|055 6427 4764|North Cowichan|Uruguay
Jamalia|Schwartz|1990-08-21|P.O. Box 722, 5228 Morbi Street|libero.est.congue@Integerurna.co.uk|(025) 8451 2252|Malle|Curaçao
Julian|Spence|1961-01-16|P.O. Box 290, 985 Vestibulum Rd.|nec.imperdiet@iaculis.co.uk|0344 479 6549|Coassolo Torinese|Guatemala
Mira|Thornton|1966-03-03|P.O. Box 231, 9833 Nunc St.|quis@quam.co.uk|(016977) 0345|Gressan|Malta
Ina|Noble|1979-06-28|884-6428 Ornare Street|lacinia@congue.net|(01767) 15969|Roxboro|Kazakhstan
Alexis|Hansen|1976-05-16|7275 Est. Av.|libero.lacus.varius@congue.edu|(016977) 5041|Poggio Berni|Armenia
Keith|Mullen|1970-04-10|6555 Magna St.|vulputate@Donecnibh.edu|0344 260 8832|Massemen|Montenegro
Rylee|Oneil|1973-03-03|2752 Ridiculus Street|tortor.Integer@sit.com|0800 188 7513|Columbia|Malaysia
Chaney|Johns|1974-04-28|3428 Quis Avenue|erat.volutpat@sedpede.org|(01286) 34538|Höchst|Eritrea
Zorita|Baldwin|1994-02-16|709-7074 Non Rd.|eros.nec@egetmassaSuspendisse.ca|(011099) 04647|Tübingen|Mauritania
Chava|Blackwell|1970-06-21|Ap #289-2387 Scelerisque, Rd.|feugiat.tellus@tristiquepellentesque.edu|(01005) 376246|Viranşehir|Somalia
Amal|Burke|1982-01-13|P.O. Box 746, 3824 Sem Av.|egestas@vulputateeuodio.org|0500 429451|Jefferson City|Cuba
Amanda|Cline|1977-05-13|Ap #673-3984 Tellus, Road|quis.diam@Phasellus.ca|0845 46 46|Newquay|Suriname
Alma|Justice|1983-12-07|999-7392 Neque Road|sit.amet@Fuscemi.edu|(01697) 191748|Saint-Denis-Bovesse|Maldives
Dustin|Obrien|1971-07-27|626-1898 Quis Road|enim.Etiam.gravida@nibhenim.edu|076 6055 4929|Whitburn|Saudi Arabia
Evan|Golden|1963-01-30|P.O. Box 824, 9101 Lorem, Rd.|nibh.Donec@necmalesuada.ca|0845 46 47|Rio Verde|Ukraine
Pascale|Walters|1972-11-12|5344 Aenean Rd.|In.lorem@magnanecquam.co.uk|070 5214 2028|Barranquilla|Gambia
Olympia|Hull|1966-09-13|339-9329 Magna Av.|placerat@magna.co.uk|0800 1111|Tredegar|Lesotho
Justin|Caldwell|1985-10-23|P.O. Box 156, 7664 Volutpat. Rd.|nisl@arcu.ca|(021) 0567 1465|Kalken|Togo
Lionel|Kaufman|1962-08-14|586-6241 Vitae, Road|quis.diam@Phasellusvitae.ca|07914 435361|Ketchikan|Grenada
Cyrus|Kidd|1978-08-30|Ap #810-3629 Ipsum Rd.|dapibus.ligula@risusMorbi.net|0839 634 2913|Olinda|Lesotho
Sigourney|Hunter|1970-03-16|3270 Quisque Av.|in.tempus@Cumsociis.net|(016977) 6006|Ede|Morocco
Benjamin|Kerr|1977-09-27|504-9823 Cursus. Rd.|ac.mattis@euismod.net|070 5689 9829|Duisburg|Slovenia
Ora|Jefferson|1986-02-23|114-9287 Mollis. Ave|Aliquam.ultrices.iaculis@enimconsequat.co.uk|(01653) 51261|Brye|Indonesia
Sharon|Aguilar|1994-12-09|P.O. Box 400, 841 Vel Av.|rhoncus.id@Phasellusdolor.edu|0800 1111|Burnaby|Trinidad and Tobago
Deanna|Madden|1995-05-28|1018 Orci Av.|In@ornarelectusjusto.net|0920 716 3890|Minitonas|Trinidad and Tobago
Echo|Fox|1993-04-12|P.O. Box 306, 7047 Diam Ave|fringilla.euismod.enim@arcuvelquam.com|(01352) 45246|Houtvenne|French Southern Territories
Aline|Lang|1998-01-23|271-264 Massa St.|amet.faucibus@dis.org|(01368) 387106|Perk|Cuba
Evan|Guerrero|1981-01-31|960 Odio, Rd.|felis.Nulla@arcu.ca|07443 487703|Aurora|Ghana
Abdul|Villarreal|1984-03-15|P.O. Box 637, 4644 Velit Ave|Nulla@Lorem.org|(0113) 216 1438|Podolsk|Pakistan
Nissim|Harrell|1991-12-23|973-299 Imperdiet St.|sollicitudin.commodo.ipsum@ipsum.net|(0117) 177 5866|Bundaberg|Uruguay
Neville|Gamble|1990-12-31|Ap #960-7021 Molestie Road|et.commodo@nisidictumaugue.net|(01892) 38430|Midnapore|Jamaica
Cally|Patrick|1972-08-01|Ap #600-7769 Consectetuer Street|sapien.Cras.dolor@iaculisenim.co.uk|0800 479219|Dornoch|Honduras
Keith|Hernandez|1980-04-01|P.O. Box 741, 1668 Semper, St.|ultrices.posuere.cubilia@pedeNunc.com|0800 165 4511|Shivapuri|Guinea
Kelsey|Colon|1964-09-02|Ap #175-8876 Luctus Ave|libero@tinciduntnequevitae.co.uk|(01262) 413452|Kortrijk|Lesotho
Cherokee|Glover|1992-05-06|6679 Mollis St.|Curabitur@pedeac.ca|(016977) 1323|Florenville|Tanzania
Todd|Noble|1986-09-08|P.O. Box 830, 8938 Ac Av.|In@nec.ca|07273 485709|Gojal Upper Hunza|Aruba
Erasmus|Gibson|1995-04-08|5622 Curabitur Street|Curabitur.massa.Vestibulum@posuereenim.org|(01591) 668524|Port Pirie|Italy
Ava|Santos|1985-09-01|163 Enim, Ave|Curae.Donec@disparturientmontes.org|070 7431 4693|Carterton|Curaçao
Amaya|Wilkerson|1977-02-14|Ap #540-4222 Ac Av.|Praesent.luctus@risusquisdiam.co.uk|07579 580087|Devonport|Saint Barthélemy
Driscoll|Santos|1995-05-29|P.O. Box 586, 8753 Montes, Rd.|adipiscing.non@Maecenasornareegestas.org|0898 333 6773|Tucson|Malawi
Aimee|Mueller|1980-04-27|P.O. Box 589, 7808 Nam Road|augue.ut.lacus@nonenim.edu|056 6123 9278|Gojal Upper Hunza|Mexico
Thomas|Mendoza|1979-08-07|P.O. Box 423, 6616 Duis St.|lacinia.at.iaculis@ornaresagittisfelis.org|0897 822 2674|Glossop|Christmas Island
Noah|Mcintosh|1982-08-26|859-2037 Fringilla Rd.|pede@lacusQuisque.edu|070 4182 0615|Frascati|Denmark
Emmanuel|Howe|1975-05-08|Ap #267-4509 Tincidunt, St.|sem.Pellentesque@enimdiamvel.ca|0800 551577|Thanjavur|Uruguay
Kameko|Davis|1986-11-11|P.O. Box 379, 6637 Eu Rd.|consectetuer.euismod@sempercursusInteger.co.uk|0330 849 4982|Hwaseong|El Salvador
Barclay|Carney|1982-07-07|580-6627 Cursus Rd.|ut.aliquam.iaculis@porttitorscelerisqueneque.ca|0800 1111|Ivanovo|Tunisia
Graham|Mills|1989-06-08|7525 Vivamus St.|ante@Integervulputaterisus.co.uk|0990 562 9765|Ichtegem|Fiji
Kyle|Rush|1975-11-07|P.O. Box 418, 4933 Vulputate, Ave|pede.ultrices.a@Crasdolordolor.net|(016977) 7418|North Shore|United States
Sybil|Jarvis|1993-11-23|Ap #876-2293 Erat Ave|risus@etrisusQuisque.co.uk|055 5942 3684|Tuktoyaktuk|Saint Vincent and The Grenadines
Tyler|Elliott|1969-11-23|P.O. Box 418, 3443 At Ave|lorem.auctor.quis@ametfaucibus.com|0845 46 48|Red Deer|Croatia
Tanek|Valenzuela|1972-08-14|6920 Elit Street|congue@Integerin.ca|0975 232 3359|Mignanego|Trinidad and Tobago
Dillon|Warner|1996-01-25|7207 Metus. Street|erat@ornarefacilisiseget.co.uk|056 7541 3892|Wabamun|Antigua and Barbuda
Lavinia|Spears|1989-10-06|2894 Euismod St.|Curae.Donec.tincidunt@nibh.net|(016977) 2686|Bonnyville|Western Sahara
Candace|Wiley|1964-06-27|731-2676 Iaculis Avenue|ante.ipsum@et.net|(0117) 405 5449|Sachs Harbour|Dominica
Liberty|Cannon|1987-08-12|735-6636 Nulla. St.|et.lacinia.vitae@liberoDonecconsectetuer.com|0840 277 4646|Matera|Rwanda
Patricia|Hurst|1975-04-17|P.O. Box 971, 1378 Lorem. Rd.|ipsum.ac@euismod.net|0888 267 1419|Lima|Tokelau
Thaddeus|Skinner|1996-12-14|Ap #464-302 Lacus. St.|fames.ac@etmagnisdis.ca|0800 1111|Lerum|French Guiana
Rana|Lowery|1981-06-30|2660 Mollis Rd.|non.dui.nec@in.ca|(01461) 769959|Curarrehue|Paraguay
Wayne|Bonner|1968-05-09|853 Vel, St.|risus.In@tempusscelerisque.edu|0800 116095|Moe|Jersey
Bertha|Wilder|1992-08-04|8422 Accumsan Rd.|volutpat.ornare@ullamcorpermagnaSed.com|056 3668 4696|Cholet|United States Minor Outlying Islands
Murphy|Goodman|1991-08-13|Ap #620-1766 Vitae, St.|urna.Vivamus@Nullasemper.com|(014837) 71727|Brye|Bahrain
Aristotle|Estrada|1991-08-01|874-4246 Sed Street|molestie.Sed@lacusNullatincidunt.org|(0131) 133 6867|Fort William|South Georgia and The South Sandwich Islands
Uriah|Barr|1968-10-04|9349 Nunc St.|sollicitudin.a.malesuada@maurisanunc.org|(016977) 5079|Gwangju|Mozambique
Hamish|Rodgers|1981-10-25|Ap #791-5753 Lobortis Road|quam.Curabitur.vel@adipiscingligula.net|076 1367 0281|Ankara|Cocos (Keeling) Islands
Kimberly|Stevens|1984-03-21|1469 Lorem Street|mi@nonfeugiatnec.org|07624 525542|Fuenlabrada|Gibraltar
Irma|Abbott|1971-04-21|873-5555 Interdum Road|nibh.Aliquam.ornare@orcilobortisaugue.ca|0845 46 47|Llandrindod Wells|Jersey
Wynne|Wise|1995-09-02|725 Mollis. St.|eu@Duis.co.uk|0800 1111|Rotterdam|Yemen
Dominic|Atkinson|1967-12-25|Ap #605-2936 Euismod Rd.|felis.purus.ac@sodalesnisimagna.co.uk|076 9484 3027|Kanchipuram|Tokelau
Kelsie|Henry|1992-04-22|4573 Egestas. Avenue|Donec.at.arcu@ipsumdolor.org|0800 778 0119|Whitewater Region Township|Singapore
Karyn|Fernandez|1968-11-04|269-8170 Enim, Avenue|a@lorem.org|055 8730 1586|Fort Resolution|Cocos (Keeling) Islands
Rebecca|Henry|1979-12-05|P.O. Box 104, 6990 Vestibulum Street|faucibus.ut@sempercursusInteger.ca|0800 291078|Elversele|Morocco
Judah|Paul|1961-11-22|P.O. Box 522, 1738 Malesuada Rd.|feugiat.placerat@magna.com|0370 908 7153|Charlottetown|Anguilla
Xander|Kidd|1980-04-06|1256 Sagittis St.|penatibus.et@felisullamcorperviverra.edu|07933 350145|FlŽnu|Sao Tome and Principe
Abra|Park|1973-11-12|P.O. Box 980, 6217 Et, Avenue|Ut.nec@velitdui.net|070 3787 2087|Wimborne Minster|Curaçao
Neve|Blackburn|1971-01-13|3731 Augue, Rd.|urna.suscipit.nonummy@Nuncmauris.net|(017790) 96844|Durham|Virgin Islands, United States
Madeson|Booth|1981-08-29|Ap #661-5122 Molestie St.|vitae.orci@et.co.uk|(01632) 16382|Roccamena|Trinidad and Tobago
Alea|Oneill|1976-07-31|4639 Nisl Road|faucibus.orci@euultricessit.net|055 3878 1372|Vastogirardi|Czech Republic
Maisie|George|1979-12-08|P.O. Box 578, 8243 Fames Avenue|pede@nibh.edu|055 2626 2079|Forbach|Virgin Islands, United States
Cassady|Byers|1979-12-09|693-7975 Volutpat. St.|ac.ipsum.Phasellus@euodio.ca|055 0385 7280|Squillace|Lesotho
Maia|Zimmerman|1967-01-01|P.O. Box 732, 7621 Arcu. Rd.|mus@sagittis.ca|070 1367 4369|Onega|Solomon Islands
Cathleen|Taylor|1978-06-09|970-527 Nunc Road|auctor@etipsumcursus.org|(0115) 606 7246|Iquique|Greece
Zorita|Brooks|1974-10-04|Ap #302-3736 Mauris Av.|Donec.tempus.lorem@natoque.ca|0500 219824|Bromyard|Ghana
Priscilla|Hernandez|1960-09-22|P.O. Box 418, 1699 Ornare, St.|ullamcorper.velit@atpretiumaliquet.co.uk|0800 437334|Pietrarubbia|Cape Verde
Robert|Santiago|1993-12-30|528-5477 Dui St.|orci@Phasellus.com|0911 544 7699|Harnai|Lesotho
Kameko|Church|1986-10-15|P.O. Box 500, 4356 Adipiscing Avenue|gravida.molestie.arcu@molestieorcitincidunt.ca|076 0933 7572|Orbais|Micronesia
Cairo|Potts|1969-06-06|Ap #926-7480 Sagittis St.|sed@iaculis.org|0500 892303|Baardegem|Saint Barthélemy
Alyssa|Guthrie|1979-08-05|6489 Pellentesque St.|eget.odio.Aliquam@ligulaeuenim.org|(01660) 057199|Jamoigne|Latvia
Gareth|Boyle|1961-06-27|Ap #180-3919 Ac Ave|porttitor@ultricesposuere.ca|0880 438 5066|Bristol|Bangladesh
Echo|Jenkins|1970-08-27|820-3536 Enim, Avenue|urna@maurissapiencursus.org|0316 610 9467|Hudiksvall|Austria
Kai|Walton|1985-01-06|943-6115 Feugiat. Avenue|ultrices.posuere.cubilia@idenim.ca|07920 901546|Provost|Turks and Caicos Islands
Brennan|Wyatt|1967-10-30|P.O. Box 333, 9351 Curae; St.|eget.venenatis.a@euplacerat.net|07268 063506|Kemzeke|Western Sahara
Reece|Arnold|1992-02-16|7714 Ornare. Rd.|consequat.lectus@aliquam.ca|07624 292201|Sesto al Reghena|San Marino
Remedios|Bryant|1996-06-20|Ap #590-9257 Scelerisque Rd.|lacinia.vitae.sodales@Naminterdum.co.uk|(0141) 482 4792|Portree|Tanzania
Abel|Mcgee|1979-05-27|P.O. Box 939, 2295 Diam Street|sed@vitaealiquetnec.co.uk|056 8754 1370|Zamość|Czech Republic
Herrod|Browning|1989-03-25|9808 Sem Rd.|tortor.nibh@Fuscediam.com|(013003) 86490|Tuxtla Gutiérrez|Iceland
Savannah|Mcdonald|1969-04-15|904-2280 Vehicula St.|amet.massa@odioPhasellus.net|(01589) 41575|Glossop|Niger
Wylie|Shepard|1969-08-03|702-1257 Sollicitudin Ave|Cras.pellentesque@leo.net|056 3215 1304|Funtua|Puerto Rico
McKenzie|Miranda|1970-01-27|P.O. Box 599, 8676 Sed Ave|arcu.Vestibulum@Aliquam.net|076 3577 6727|Annapolis|Trinidad and Tobago
Zane|Ball|1997-02-13|Ap #919-383 Erat, St.|orci.Ut.sagittis@turpisIn.edu|055 5521 1929|Lebach|Andorra
Risa|Beasley|1986-12-11|853-9726 Mi, Avenue|blandit@magnaUt.org|0800 297 4476|Helena|Montserrat
Beatrice|Webb|1993-02-27|P.O. Box 415, 4465 Sed St.|ultrices@luctusCurabituregestas.edu|07810 029933|Zevekote|Bhutan
Gil|Delgado|1966-03-04|Ap #791-9464 Fermentum Avenue|vehicula.Pellentesque@Pellentesque.net|0945 210 6997|Pilibhit|Samoa
Mira|Horton|1992-12-05|1588 Felis. St.|ligula@pede.ca|(01079) 503256|Anchorage|Bonaire, Sint Eustatius and Saba
Paki|Fletcher|1995-04-20|2899 Eget Avenue|eget@Namligula.co.uk|0800 419 8030|Hondelange|Macao
Mariko|Norman|1965-05-06|371-3469 Mauris. Rd.|nec@et.org|0845 46 47|Kalgoorlie-Boulder|Northern Mariana Islands
Cleo|Willis|1967-04-19|P.O. Box 954, 3026 Magna. Avenue|pellentesque.a.facilisis@netusetmalesuada.ca|(01870) 433118|Pereto|Venezuela
Quamar|Fletcher|1961-06-06|Ap #138-5012 Non Ave|in@Curabituregestas.ca|070 7592 4954|Haddington|French Southern Territories
Callie|Chen|1981-11-14|3624 Inceptos Road|in.cursus.et@Vivamusmolestiedapibus.net|07084 004187|McCallum|Antigua and Barbuda
Roth|Greer|1986-07-14|8787 Sed, Avenue|non.egestas.a@vehiculaaliquetlibero.edu|(01450) 94078|Borgone Susa|France
Keegan|Puckett|1977-03-14|P.O. Box 409, 1936 Eget St.|rutrum@necorciDonec.ca|0845 46 46|Shepparton|Bulgaria
Clarke|Mosley|1965-05-15|P.O. Box 909, 2022 Ipsum St.|risus.Donec@aliquamarcuAliquam.org|0800 203 3370|Wilmington|United States
Hedy|Brooks|1992-11-26|8744 Sed St.|dignissim@pharetranibhAliquam.org|0800 1111|Barra do Corda|Northern Mariana Islands
Gage|Ramos|1995-01-05|Ap #982-2068 Montes, Rd.|dictum.mi.ac@elitpede.com|056 7862 5858|Carson City|Central African Republic
Iola|Ellison|1986-06-12|1998 Eget, Avenue|orci.Ut.sagittis@NullafacilisisSuspendisse.org|0800 1111|Saint-Remy-Geest|Nigeria
Lareina|Bender|1985-12-12|196-9789 Nullam Rd.|in.magna@magnaUttincidunt.ca|055 0863 7362|Medan|Azerbaijan
Sharon|Steele|1968-10-29|182 Nulla Av.|lacus.varius@temporlorem.com|055 7619 8943|Grobbendonk|El Salvador
Rogan|Mooney|1995-04-01|Ap #609-5444 Pharetra. Road|lacinia.at.iaculis@ornare.edu|(021) 0065 0526|Maicao|Venezuela
Eleanor|Henry|1980-05-11|P.O. Box 135, 7441 Pellentesque Street|felis.eget.varius@hymenaeos.co.uk|(013677) 79567|Knokke-Heist|Guam
Leonard|Valenzuela|1989-12-12|2242 Cras Av.|malesuada.fames@lobortisultrices.com|(0119) 477 4444|Nadiad|San Marino
Pearl|Kirkland|1976-11-20|640-3508 Aliquet. Ave|tortor@turpisIn.org|0800 199 8322|Pergola|Singapore
Heidi|Stewart|1972-10-14|Ap #813-8319 Nulla. St.|libero.et@duiFusce.co.uk|070 7149 4732|Lonquimay|Jordan
Garrett|Boyle|1969-06-02|Ap #679-9095 Vivamus Ave|et.tristique@tellus.edu|076 9015 9797|Mission|Antarctica
Edan|Marquez|1995-10-15|722-5859 Eu, Ave|malesuada.Integer.id@eu.net|0847 876 6251|Tilff|Korea, South
Garrett|Meyer|1976-10-21|3693 Nec Street|imperdiet.ornare@vehiculaaliquet.edu|(0171) 848 6626|San Giovanni Lipioni|Tajikistan
Halee|Turner|1997-03-22|Ap #655-6575 Tempus Street|metus.In.lorem@Sed.org|(01000) 931577|Penrith|Greece
Rose|Kirby|1972-07-31|Ap #743-7652 Cursus Road|et.eros@Nuncmauriselit.com|0800 1111|Broken Arrow|Isle of Man
Alden|Thompson|1963-03-11|Ap #609-1958 Nibh Rd.|dictum.magna@Nullamenim.ca|(01272) 72274|Llanquihue|Macedonia
Timon|Houston|1994-07-16|Ap #580-9536 Posuere Road|Vestibulum.ante@Suspendissealiquetsem.org|0846 044 3276|Morgex|Qatar
Zachery|Roberson|1990-05-01|Ap #397-8726 Sed Avenue|et.ultrices@loremloremluctus.org|(011013) 16683|Eugene|Martinique
Jena|Madden|1979-12-09|P.O. Box 394, 5478 Cursus. St.|mi.enim@Lorem.org|0800 1111|Campbeltown|Comoros
Kaitlin|Benton|1980-04-28|6945 Massa. Avenue|sed.dictum@ipsum.com|07972 165335|Legal|United Arab Emirates
Leilani|Bridges|1982-10-08|Ap #683-9712 Quis Av.|id@molestiepharetra.co.uk|07008 818434|Chichester|Syria
Sacha|Talley|1985-10-30|P.O. Box 817, 5016 Quam St.|sit@velquamdignissim.com|0800 465083|Boryeong|Uruguay
Destiny|Matthews|1975-04-09|Ap #887-3535 Ut St.|leo.elementum@nonbibendum.org|(0171) 443 8923|Troyes|Zimbabwe
Sonia|Phelps|1962-03-03|P.O. Box 912, 7156 Sed St.|diam@venenatislacus.edu|076 4719 9420|Parepare|United States
Kaseem|Warren|1979-10-20|4774 Felis, Road|dolor.Quisque.tincidunt@nullaante.edu|0845 46 43|Carstairs|Lithuania
Fuller|Hudson|1983-04-30|P.O. Box 957, 5771 Sed Av.|feugiat@dictum.org|056 5003 5198|Banda Aceh|France
Lance|Guthrie|1971-03-03|P.O. Box 937, 3487 Aliquam St.|Nulla.tempor.augue@hendrerit.org|070 0147 6471|Burntisland|Australia
Logan|Griffith|1966-09-15|P.O. Box 366, 6791 Feugiat Rd.|Curabitur@Sed.ca|076 1543 0967|Swindon|Samoa
Leigh|Burke|1987-10-06|2228 Molestie Rd.|eu.tellus.eu@liberonecligula.ca|056 4306 2689|Vilcún|Saint Vincent and The Grenadines
Rudyard|Jones|1963-01-21|3690 Penatibus Ave|tellus.non.magna@varius.net|07624 138694|Bontang|Mali
Orli|Glass|1976-09-03|P.O. Box 595, 7794 Libero Ave|enim@utipsum.net|07363 732453|Petrópolis|Aruba
Jacqueline|Mclaughlin|1986-09-03|458-2298 Nunc Av.|ullamcorper.eu@atnisi.org|0500 705118|Ichalkaranji|Macao
Candice|Terrell|1984-01-25|7690 Erat Av.|consequat.nec.mollis@primisin.co.uk|0800 778786|Habra|Curaçao
Alika|Holland|1976-11-26|P.O. Box 296, 699 Sapien. Rd.|eleifend.egestas.Sed@luctusutpellentesque.co.uk|0800 104880|Avignon|Namibia